<?xml version="1.0" encoding="UTF-8"?>
<project-private xmlns="http://www.netbeans.org/ns/project-private/1">
    <editor-bookmarks xmlns="http://www.netbeans.org/ns/editor-bookmarks/2" lastBookmarkId="0"/>
    <open-files xmlns="http://www.netbeans.org/ns/projectui-open-files/2">
        <group>
            <file>file:/F:/NetBeanProject/Movie/src/java/movie_entity/Credentials.java</file>
            <file>file:/F:/NetBeanProject/Movie/src/java/movie_entity/Memoir.java</file>
            <file>file:/F:/NetBeanProject/Movie/src/java/service/UserTableFacadeREST.java</file>
            <file>file:/F:/NetBeanProject/Movie/src/java/movie_entity/Cinema.java</file>
            <file>file:/F:/NetBeanProject/Movie/build/generated-sources/ap-source-output/movie_entity/Memoir_.java</file>
            <file>file:/F:/NetBeanProject/Movie/build/generated-sources/ap-source-output/movie_entity/Credentials_.java</file>
            <file>file:/F:/NetBeanProject/Movie/build/generated-sources/ap-source-output/movie_entity/UserTable_.java</file>
            <file>file:/F:/NetBeanProject/Movie/build/generated-sources/ap-source-output/movie_entity/Cinema_.java</file>
            <file>file:/F:/NetBeanProject/Movie/src/java/service/MemoirFacadeREST.java</file>
            <file>file:/F:/NetBeanProject/Movie/src/java/movie_entity/UserTable.java</file>
            <file>file:/F:/NetBeanProject/Movie/src/java/service/CredentialsFacadeREST.java</file>
        </group>
    </open-files>
</project-private>
